{"cameraMode":{"drawMode":0,"name":"Shaded","section":"Shading Mode"},"sceneLighting":false,"audioPlay":false,"sceneViewState":{"showFog":true,"showMaterialUpdate":false,"showSkybox":true,"showFlares":true,"showImageEffects":true,"showParticleSystems":true},"in2DMode":false,"pivot":{"x":140.62176513671876,"y":40.51416015625,"z":12.596435546875},"rotation":{"x":-0.03328291326761246,"y":0.03507045656442642,"z":-0.0011686377692967654,"w":-0.9988301992416382},"size":299.19659423828127,"orthographic":false}