{"cameraMode":{"drawMode":0,"name":"Shaded","section":"Shading Mode"},"sceneLighting":false,"audioPlay":false,"sceneViewState":{"showFog":true,"showMaterialUpdate":false,"showSkybox":false,"showFlares":true,"showImageEffects":true,"showParticleSystems":true},"in2DMode":false,"pivot":{"x":-9.232257843017579,"y":-15.779029846191407,"z":-8.49106216430664},"rotation":{"x":-0.03328291326761246,"y":0.03507045656442642,"z":-0.0011686377692967654,"w":-0.9988301992416382},"size":22.0,"orthographic":false}